{
    "accuracy": 0.2727272727272727,
    "precision": 1.0,
    "recall": 0.1111111111111111,
    "f1": 0.19999999999999998,
    "confusion_matrix": {
        "TP": 1,
        "FP": 0,
        "TN": 2,
        "FN": 8
    },
    "total_periods": 11,
    "generated_at": "2025-11-18 11:15:11.664323+00:00",
    "label_rule": "rv_zscore > 1.0 defines high-vol regime"
}